{
    "intExample": 5,
    "strExample": "Hello!",
    "boolExample": [
        false,
        false,
        false,
        false
    ],
    "idSave": 73,
    "MusicVolume": 0.30000001192092898,
    "SoundFxVolume": 0.30000001192092898,
    "Coins": 89400,
    "ChoisedCarID": 0,
    "OpenedLevels": [
        0,
        1,
        2,
        3,
        2,
        3,
        2,
        3,
        2,
        2,
        3,
        2,
        3,
        2,
        3,
        1,
        3,
        4,
        5,
        2,
        2,
        3,
        2,
        3,
        2,
        3,
        2,
        3,
        2,
        3,
        2,
        3,
        2,
        1,
        2,
        2,
        2
    ],
    "OpenedCars": [
        0
    ]
}